"","protein2_clean","protein1_clean","protein1","protein2","combined_score","gene1","entrez1","gene2","entrez2","go_similarity","label","correlation","pred_prob"
"1","ENSP00000256078","ENSP00000311697","9606.ENSP00000311697","9606.ENSP00000256078",912,"FGF5","2250","KRAS","3845",0.321,0,0.164003218993914,0.119781018559907
"3","ENSP00000385216","ENSP00000291527","9606.ENSP00000291527","9606.ENSP00000385216",917,"TFF1","7031","NCOA1","8648",0.118,0,0.0408564917847707,0.127742864827877
"4","ENSP00000361930","ENSP00000221138","9606.ENSP00000221138","9606.ENSP00000361930",933,"PPP2CB","5516","YWHAB","7529",0.242,0,0.129704635177242,0.213151967402944
"7","ENSP00000477715","ENSP00000425561","9606.ENSP00000425561","9606.ENSP00000477715",988,"EIF4E","1977","CPEB1","64506",0.297,0,0.121834935178215,0.636826867939026
"12","ENSP00000366098","ENSP00000387286","9606.ENSP00000387286","9606.ENSP00000366098",921,"RAB1A","5861","YIF1A","10897",1,1,-0.235811426801921,0.11894011830272
"14","ENSP00000481038","ENSP00000215832","9606.ENSP00000215832","9606.ENSP00000481038",907,"MAPK1","5594","CYFIP1","23191",0.327,0,0.404831998427438,0.12181670126131
"15","ENSP00000428056","ENSP00000414303","9606.ENSP00000414303","9606.ENSP00000428056",917,"BDNF","627","PIK3R1","5295",0.386,0,-0.00479373612372409,0.123793310803177
"21","ENSP00000225577","ENSP00000313007","9606.ENSP00000313007","9606.ENSP00000225577",928,"PABPC1","26986","RPS6KB1","6198",0.264,0,0.0147247590056275,0.172664383266961
"22","ENSP00000233057","ENSP00000311857","9606.ENSP00000311857","9606.ENSP00000233057",911,"PTPN2","5771","EIF2AK2","5610",0.375,0,0.146423320513689,0.114821601357058
"27","ENSP00000417963","ENSP00000313995","9606.ENSP00000313995","9606.ENSP00000417963",918,"KLHDC3","116138","PPP2R5D","5528",0.198,0,0.571266587070576,0.187003971844768
"33","ENSP00000258302","ENSP00000297313","9606.ENSP00000297313","9606.ENSP00000258302",910,"RGS20","8601","RGS8","85397",0.678,1,0.0431672832038079,0.10361059975104
"43","ENSP00000221700","ENSP00000311095","9606.ENSP00000311095","9606.ENSP00000221700",926,"CYP4A11","1579","CYP4F2","8529",0.775,1,0.694621224221302,0.249746355279434
"50","ENSP00000263025","ENSP00000415151","9606.ENSP00000415151","9606.ENSP00000263025",902,"CBFB","865","MAPK3","5595",0.217,0,0.1850946602445,0.0895936804564053
"53","ENSP00000264389","ENSP00000244007","9606.ENSP00000244007","9606.ENSP00000264389",977,"PLCG1","5335","COPS4","51138",0.098,0,-0.00724382914693524,0.52130541276705
"54","ENSP00000220849","ENSP00000447001","9606.ENSP00000447001","9606.ENSP00000220849",907,"RPL18","6141","EIF3E","3646",0.632,1,0.462536203000055,0.126758508616503
"57","ENSP00000231487","ENSP00000281623","9606.ENSP00000281623","9606.ENSP00000231487",996,"FBXO4","26272","SKP1","6500",0.715,1,0.0341779242201859,0.682480861600383
"60","ENSP00000322439","ENSP00000317159","9606.ENSP00000317159","9606.ENSP00000322439",923,"CYC1","1537","TUFM","7284",0.133,0,0.448326524242578,0.198452710713149
"62","ENSP00000401980","ENSP00000374552","9606.ENSP00000374552","9606.ENSP00000401980",912,"RNF216","54476","MAVS","57506",0.372,0,0.509448900946119,0.151528609147301
"65","ENSP00000313581","ENSP00000314151","9606.ENSP00000314151","9606.ENSP00000313581",913,"KLK3","354","KLK2","3817",0.698,1,0.831157168734093,0.192254294965935
"66","ENSP00000272418","ENSP00000449884","9606.ENSP00000449884","9606.ENSP00000272418",992,"MRPL42","28977","MRPS5","64969",1,1,0.0919732693565057,0.66248730693468
"73","ENSP00000262904","ENSP00000302967","9606.ENSP00000302967","9606.ENSP00000262904",938,"HDAC3","8841","E2F3","1871",0.383,0,-0.151286990165577,0.20476039726999
"82","ENSP00000264563","ENSP00000296870","9606.ENSP00000296870","9606.ENSP00000264563",961,"IL3","3562","IL11","3589",0.616,1,-0.0870008482890334,0.372242666531403
"85","ENSP00000304802","ENSP00000416658","9606.ENSP00000416658","9606.ENSP00000304802",943,"NME6","10201","DTYMK","1841",0.043,0,0.616387678929263,0.358393620627695
"92","ENSP00000263270","ENSP00000309415","9606.ENSP00000309415","9606.ENSP00000263270",919,"CLTB","1212","AP2S1","1175",1,1,0.576619803157972,0.192894046492176
"97","ENSP00000300403","ENSP00000343701","9606.ENSP00000343701","9606.ENSP00000300403",944,"KPNA1","3836","TPX2","22974",0.152,0,-0.160512978269997,0.238731939837301
"102","ENSP00000264709","ENSP00000269397","9606.ENSP00000269397","9606.ENSP00000264709",988,"CBX4","8535","DNMT3A","1788",0.678,1,0.256260700981085,0.660921314734796
"107","ENSP00000253107","ENSP00000364320","9606.ENSP00000364320","9606.ENSP00000253107",971,"MRTO4","51154","PPAN","56342",0.845,1,0.541446170189219,0.57752905476882
"110","ENSP00000256196","ENSP00000251849","9606.ENSP00000251849","9606.ENSP00000256196",993,"RAF1","5894","RRAS2","22800",0.348,0,0.169219681343644,0.683359946778058
"113","ENSP00000317376","ENSP00000223324","9606.ENSP00000223324","9606.ENSP00000317376",969,"MRPL32","64983","MRPS11","64963",1,1,0.265376759499822,0.506811956228549
"114","ENSP00000364119","ENSP00000272317","9606.ENSP00000272317","9606.ENSP00000364119",959,"RPS27A","6233","EIF2S2","8894",0.68,1,0.617430753373607,0.490899769330912
"118","ENSP00000238682","ENSP00000339191","9606.ENSP00000339191","9606.ENSP00000238682",920,"CAV1","857","TGFB3","7043",0.383,0,0.450606658181455,0.182961821948535
"125","ENSP00000483552","ENSP00000263388","9606.ENSP00000263388","9606.ENSP00000483552",939,"NOTCH3","4854","FURIN","5045",0.175,0,0.134194047839078,0.250100215680724
"131","ENSP00000315017","ENSP00000259469","9606.ENSP00000259469","9606.ENSP00000315017",928,"RPL35","11224","MRPL1","65008",0.921,1,0.30420461129289,0.207664905254825
"133","ENSP00000222390","ENSP00000011619","9606.ENSP00000011619","9606.ENSP00000222390",906,"RANBP9","10048","HGF","3082",0.229,0,0.0508307872919162,0.092123028260604
"136","ENSP00000363574","ENSP00000452909","9606.ENSP00000452909","9606.ENSP00000363574",971,"RPL28","6158","EIF6","3692",0.241,0,0.678839263495744,0.603664527013182
"140","ENSP00000274181","ENSP00000362304","9606.ENSP00000362304","9606.ENSP00000274181",920,"ADAMTS14","140766","ADAMTS16","170690",0.959,1,0.119746391958356,0.147194821737656
"142","ENSP00000323720","ENSP00000263390","9606.ENSP00000263390","9606.ENSP00000323720",994,"MED26","9441","MED14","9282",0.906,1,-0.00546584412859936,0.660575440364556
"144","ENSP00000259469","ENSP00000341885","9606.ENSP00000341885","9606.ENSP00000259469",999,"RPS2","6187","RPL35","11224",0.745,1,0.776256762209953,0.810209847432864
"146","ENSP00000311224","ENSP00000367086","9606.ENSP00000367086","9606.ENSP00000311224",939,"ACOT7","11332","ACOT1","641371",0.704,1,-0.0940803611038854,0.217939401950762
"147","ENSP00000215570","ENSP00000261070","9606.ENSP00000261070","9606.ENSP00000215570",982,"COX17","10063","TIMM13","26517",0.129,0,0.517985501414986,0.661266709856894
"149","ENSP00000185150","ENSP00000318147","9606.ENSP00000318147","9606.ENSP00000185150",901,"EDEM3","80267","ERLEC1","27248",0.708,1,0.402848756730535,0.101440768381063
"150","ENSP00000368104","ENSP00000360242","9606.ENSP00000360242","9606.ENSP00000368104",942,"XIAP","331","BMP2","650",0.341,0,0.00683901968356904,0.25047348945019
"157","ENSP00000357674","ENSP00000447537","9606.ENSP00000447537","9606.ENSP00000357674",998,"BLOC1S1","2647","SNAPIN","23557",0.746,1,0.326084305209322,0.743272521312009
"159","ENSP00000260210","ENSP00000365625","9606.ENSP00000365625","9606.ENSP00000260210",998,"DHX16","8449","BUD13","84811",0.687,1,0.378115786057634,0.751007538471767
"176","ENSP00000330898","ENSP00000301788","9606.ENSP00000301788","9606.ENSP00000330898",972,"POLR2G","5436","POLR2J2","246721",1,1,0.0763213521842135,0.49517128704162
"182","ENSP00000307046","ENSP00000243077","9606.ENSP00000243077","9606.ENSP00000307046",908,"LRP1","4035","SDC2","6383",0.162,0,0.352046248680815,0.121019924219923
"184","ENSP00000341268","ENSP00000345083","9606.ENSP00000345083","9606.ENSP00000341268",937,"MAP2K3","5606","TRADD","8717",0.601,1,0.115333340298853,0.234861711072139
"187","ENSP00000370258","ENSP00000419449","9606.ENSP00000419449","9606.ENSP00000370258",928,"EIF1","10209","EIF3CL","728689",1,1,0.28697633649747,0.205442984317304
"188","ENSP00000246071","ENSP00000257181","9606.ENSP00000257181","9606.ENSP00000246071",984,"PRPF38A","84950","SNRPB2","6629",1,1,0.324526690153841,0.642181297154903
"202","ENSP00000259241","ENSP00000307046","9606.ENSP00000307046","9606.ENSP00000259241",959,"SDC2","6383","HS6ST1","9394",0.371,0,0.209484604653926,0.411581259797527
"210","ENSP00000341885","ENSP00000379506","9606.ENSP00000379506","9606.ENSP00000341885",999,"RPL14","9045","RPS2","6187",0.649,1,0.768828780381142,0.80930937941239
"219","ENSP00000261769","ENSP00000295797","9606.ENSP00000295797","9606.ENSP00000261769",932,"PRKCI","5584","CDH1","999",0.392,0,0.198989741732524,0.216602447360257
"226","ENSP00000386896","ENSP00000400365","9606.ENSP00000400365","9606.ENSP00000386896",952,"LAMA2","3908","ITGA6","3655",0.357,0,-0.140916292092888,0.294908133309126
"228","ENSP00000012443","ENSP00000444810","9606.ENSP00000444810","9606.ENSP00000012443",933,"FKBP5","2289","PPP5C","5536",0.218,0,-0.0113202890993999,0.19513117036623
"231","ENSP00000283195","ENSP00000429986","9606.ENSP00000429986","9606.ENSP00000283195",918,"ENY2","56943","RANBP2","5903",0.257,0,-0.448076545820092,0.0934894600280859
"233","ENSP00000262102","ENSP00000360973","9606.ENSP00000360973","9606.ENSP00000262102",906,"AGTR2","186","MTUS1","57509",0.235,0,-0.099956357260568,0.0826674799680324
"244","ENSP00000262948","ENSP00000391676","9606.ENSP00000391676","9606.ENSP00000262948",922,"JAK3","3718","MAP2K2","5605",0.355,0,0.22169285304956,0.166809604597354
"245","ENSP00000353099","ENSP00000263967","9606.ENSP00000263967","9606.ENSP00000353099",905,"PIK3CA","5290","HLA-DRB1","3123",0.363,0,-0.0390057381439716,0.0837272693021276
"249","ENSP00000261015","ENSP00000338573","9606.ENSP00000338573","9606.ENSP00000261015",957,"GNL3L","54552","WDR12","55759",0.197,0,0.334324674744267,0.418890194175808
"252","ENSP00000361824","ENSP00000267257","9606.ENSP00000267257","9606.ENSP00000361824",919,"PXN","5829","SPTAN1","6709",0.331,0,0.196982529954075,0.15057938705648
"253","ENSP00000430432","ENSP00000263360","9606.ENSP00000263360","9606.ENSP00000430432",993,"EED","8726","HDAC2","3066",0.359,0,0.373950835277841,0.717149604101426
"254","ENSP00000378529","ENSP00000287598","9606.ENSP00000287598","9606.ENSP00000378529",974,"BUB1B","701","FZR1","51343",0.173,0,0.0905430735120105,0.514999447291376
"260","ENSP00000412237","ENSP00000218388","9606.ENSP00000218388","9606.ENSP00000412237",964,"TIMP1","7076","IL10","3586",0.334,0,0.312736410099038,0.473567002748392
"267","ENSP00000356230","ENSP00000331682","9606.ENSP00000331682","9606.ENSP00000356230",917,"KLHL22","84861","KLHL12","59349",0.352,0,0.113896551995922,0.134285499852798
"273","ENSP00000354532","ENSP00000329466","9606.ENSP00000329466","9606.ENSP00000354532",939,"SIRT7","51547","PNP","4860",0.311,0,-0.187396385354577,0.205682604864002
"274","ENSP00000308541","ENSP00000265563","9606.ENSP00000265563","9606.ENSP00000308541",902,"PRKAR2A","5576","F2","2147",0.254,0,-0.0251656395433341,0.0769826775897006
"288","ENSP00000325527","ENSP00000483552","9606.ENSP00000483552","9606.ENSP00000325527",945,"FURIN","5045","FBN1","2200",0.225,0,0.26627178832377,0.312228327416951
"289","ENSP00000361107","ENSP00000221496","9606.ENSP00000221496","9606.ENSP00000361107",914,"AMH","268","BMPR1A","657",0.369,0,0.232158944058565,0.133225965081011
"295","ENSP00000357256","ENSP00000484532","9606.ENSP00000484532","9606.ENSP00000357256",994,"MIS12","79003","PMF1","11243",0.654,1,-0.0883526530314599,0.645801119359154
"299","ENSP00000242057","ENSP00000335153","9606.ENSP00000335153","9606.ENSP00000242057",999,"HSP90AA1","3320","AHR","196",0.334,0,0.0661720231971255,0.709422965167031
"300","ENSP00000361930","ENSP00000311344","9606.ENSP00000311344","9606.ENSP00000361930",911,"PPP2R1B","5519","YWHAB","7529",0.249,0,-0.139052705073365,0.0938879542866809
"302","ENSP00000257555","ENSP00000365682","9606.ENSP00000365682","9606.ENSP00000257555",919,"TLE1","7088","HNF1A","6927",0.318,0,0.299636873252425,0.161206056841499
"305","ENSP00000262138","ENSP00000337168","9606.ENSP00000337168","9606.ENSP00000262138",907,"EPB41L1","2036","CACNG4","27092",0.15,0,0.0729870343276212,0.0965221959984024
"306","ENSP00000314897","ENSP00000293328","9606.ENSP00000293328","9606.ENSP00000314897",905,"STAT5B","6777","ANGPT2","285",0.346,0,0.0105114055644348,0.0867655863274
"307","ENSP00000359910","ENSP00000427562","9606.ENSP00000427562","9606.ENSP00000359910",957,"ABL2","27","PSMA7","5688",0.37,0,-0.275753547383934,0.308439846931581
"308","ENSP00000328004","ENSP00000336687","9606.ENSP00000336687","9606.ENSP00000328004",902,"CBX3","11335","YAF2","10138",0.624,1,-0.111758488329091,0.0722781167300758
"313","ENSP00000335620","ENSP00000420168","9606.ENSP00000420168","9606.ENSP00000335620",963,"GSTA2","2939","GSTA1","2938",0.768,1,0.777879134962537,0.556294546760491
"314","ENSP00000412566","ENSP00000274712","9606.ENSP00000274712","9606.ENSP00000412566",996,"ZMAT2","153527","SNRPB","6628",1,1,0.197854059762504,0.709714735477619
"317","ENSP00000414350","ENSP00000423313","9606.ENSP00000423313","9606.ENSP00000414350",910,"GALNTL6","442117","MUC20","200958",0.043,0,-0.144371848820884,0.090683604248944
"345","ENSP00000363827","ENSP00000230053","9606.ENSP00000230053","9606.ENSP00000363827",905,"B3GAT2","135152","HSPG2","3339",0.214,0,0.135793610759868,0.0949024267903621
"346","ENSP00000341805","ENSP00000262188","9606.ENSP00000262188","9606.ENSP00000341805",956,"SMARCD3","6604","PHF10","55274",0.891,1,0.0408556202074562,0.356097660236392
"350","ENSP00000351926","ENSP00000451300","9606.ENSP00000451300","9606.ENSP00000351926",966,"NUMB","8650","AP2A1","160",0.148,0,-0.0919728458288196,0.411886729684078
"351","ENSP00000378578","ENSP00000362361","9606.ENSP00000362361","9606.ENSP00000378578",992,"CDK9","1025","AFF1","4299",0.388,0,-0.0116058948893893,0.644027541846508
"353","ENSP00000417142","ENSP00000419087","9606.ENSP00000419087","9606.ENSP00000417142",997,"NDUFB2","4708","NDUFA5","4698",0.966,1,0.296338060977669,0.732152182243941
"354","ENSP00000397441","ENSP00000258654","9606.ENSP00000258654","9606.ENSP00000397441",999,"COG3","83548","COG6","57511",0.76,1,0.618275829965491,0.790352820652253
"356","ENSP00000223061","ENSP00000363840","9606.ENSP00000363840","9606.ENSP00000223061",921,"COL11A2","1302","PCOLCE","5118",0.089,0,0.00676589752081084,0.140443334341141
"359","ENSP00000315477","ENSP00000225698","9606.ENSP00000225698","9606.ENSP00000315477",964,"C1QBP","708","CD209","30835",0.3,0,0.11996528988184,0.435971195215013
"361","ENSP00000274242","ENSP00000323856","9606.ENSP00000323856","9606.ENSP00000274242",926,"PLEC","5339","RPL37","6167",0.078,0,-0.0487618958146768,0.156439760564553
"362","ENSP00000433001","ENSP00000380876","9606.ENSP00000380876","9606.ENSP00000433001",915,"RGS11","8786","RGS5","8490",1,1,0.22096883131181,0.136170491315521
"363","ENSP00000259407","ENSP00000431049","9606.ENSP00000431049","9606.ENSP00000259407",911,"GSTK1","373156","BAAT","570",0.311,0,0.3870606604827,0.135515958110774
"364","ENSP00000236959","ENSP00000318868","9606.ENSP00000318868","9606.ENSP00000236959",996,"SHMT1","6470","ATIC","471",0.384,0,-0.533275249545695,0.578994524802643
"369","ENSP00000227524","ENSP00000341826","9606.ENSP00000341826","9606.ENSP00000227524",921,"HNRNPA1","3178","PRPF19","27339",0.384,0,0.339777178925319,0.175150669970811
"371","ENSP00000363832","ENSP00000306606","9606.ENSP00000306606","9606.ENSP00000363832",939,"ADH1B","125","AOX1","316",0.27,0,0.694451191697376,0.341370788024466
"377","ENSP00000361540","ENSP00000365210","9606.ENSP00000365210","9606.ENSP00000361540",966,"CCNB3","85417","CDC20","991",0.299,0,-0.0349971462470161,0.422788922405685
"382","ENSP00000370639","ENSP00000308032","9606.ENSP00000308032","9606.ENSP00000370639",908,"CYP2S1","29785","ASMT","438",0.269,0,0.0575748939072831,0.0984526288054432
"388","ENSP00000384794","ENSP00000310696","9606.ENSP00000310696","9606.ENSP00000384794",921,"B4GALT2","8704","A4GALT","53947",0.121,0,-0.0321734437740971,0.136784766417887
"389","ENSP00000274376","ENSP00000378974","9606.ENSP00000378974","9606.ENSP00000274376",915,"MAPK8","5599","RASA1","5921",0.38,0,0.78963732388269,0.197822122077067
"390","ENSP00000365745","ENSP00000329002","9606.ENSP00000329002","9606.ENSP00000365745",953,"HAX1","10456","CTTN","2017",0.366,0,0.0358818192484391,0.332152509100434
"394","ENSP00000314080","ENSP00000320485","9606.ENSP00000320485","9606.ENSP00000314080",926,"ARID1A","8289","HIC1","3090",0.381,0,-0.0672045051464659,0.15453404866127
"399","ENSP00000256785","ENSP00000245907","9606.ENSP00000245907","9606.ENSP00000256785",994,"C3","718","CFHR5","81494",0.239,0,0.489290965856592,0.741772470707935
"408","ENSP00000358327","ENSP00000263464","9606.ENSP00000263464","9606.ENSP00000358327",986,"BIRC3","330","CASP7","840",0.299,0,0.28906470567835,0.6513724822234
"410","ENSP00000269305","ENSP00000409666","9606.ENSP00000409666","9606.ENSP00000269305",919,"SUMO3","6612","TP53","7157",0.135,0,0.056025011108329,0.136934418460996
"414","ENSP00000343658","ENSP00000376505","9606.ENSP00000376505","9606.ENSP00000343658",901,"TANK","10010","MAP4K4","9448",0.389,0,0.0490487056394782,0.0787295208562968
"417","ENSP00000405338","ENSP00000317272","9606.ENSP00000317272","9606.ENSP00000405338",952,"MET","4233","INPP5D","3635",0.387,0,-0.267667272893354,0.274599730054452
"418","ENSP00000432083","ENSP00000377148","9606.ENSP00000377148","9606.ENSP00000432083",916,"AP1G1","164","HSPA8","3312",0.265,0,0.125003262631715,0.131368045747789
"427","ENSP00000216037","ENSP00000354791","9606.ENSP00000354791","9606.ENSP00000216037",901,"DCTN1","1639","XBP1","7494",0.217,0,-0.314029497348803,0.0603438648521454
"428","ENSP00000342374","ENSP00000267812","9606.ENSP00000267812","9606.ENSP00000342374",999,"MFAP1","4236","SNRPD2","6633",1,1,0.108616685335773,0.716259901022188
"429","ENSP00000364855","ENSP00000359454","9606.ENSP00000359454","9606.ENSP00000364855",925,"HFM1","164045","MSH5","4439",0.743,1,0.146872199103856,0.172919099755593
"435","ENSP00000298316","ENSP00000378338","9606.ENSP00000378338","9606.ENSP00000298316",986,"GIT1","28964","ARF6","382",0.335,0,-0.228937370304493,0.554147621964731
"439","ENSP00000258383","ENSP00000333837","9606.ENSP00000333837","9606.ENSP00000258383",993,"MRPL12","6182","MRPL44","65080",0.777,1,0.0634776464692911,0.66508629293254
"454","ENSP00000362994","ENSP00000379612","9606.ENSP00000379612","9606.ENSP00000362994",947,"TAX1BP1","8887","TRAF1","7185",0.398,0,0.107725171214287,0.300199401158865
"465","ENSP00000258455","ENSP00000342676","9606.ENSP00000342676","9606.ENSP00000258455",972,"AURKAIP1","54998","MRPS9","64965",1,1,0.459027337163258,0.56999961507739
"467","ENSP00000420161","ENSP00000387356","9606.ENSP00000387356","9606.ENSP00000420161",903,"ACAN","176","B4GALT4","8702",0.224,0,0.196222066905989,0.0931488283167666
"472","ENSP00000380227","ENSP00000267082","9606.ENSP00000267082","9606.ENSP00000380227",999,"ITGB7","3695","ITGA4","3676",0.785,1,0.374023324988876,0.756731439089623
"483","ENSP00000345195","ENSP00000473001","9606.ENSP00000473001","9606.ENSP00000345195",904,"FCHO1","23149","UBQLN2","29978",0.214,0,0.0472320824362727,0.0863565654086257
"487","ENSP00000311344","ENSP00000261461","9606.ENSP00000261461","9606.ENSP00000311344",999,"PPP2R5A","5525","PPP2R1B","5519",0.084,0,0.266617781464344,0.740836560755755
"491","ENSP00000264033","ENSP00000302978","9606.ENSP00000302978","9606.ENSP00000264033",929,"SPRY3","10251","CBL","867",0.34,0,0.26801543424485,0.208586398610779
"492","ENSP00000314067","ENSP00000351314","9606.ENSP00000351314","9606.ENSP00000314067",906,"PSMB10","5699","PAK2","5062",0.15,0,-0.225734765002992,0.0754649077626423
"501","ENSP00000338057","ENSP00000354580","9606.ENSP00000354580","9606.ENSP00000338057",983,"MRPL21","219927","MRPL30","51263",1,1,0.0840598272343371,0.589413755141843
"505","ENSP00000263967","ENSP00000379111","9606.ENSP00000379111","9606.ENSP00000263967",903,"IL4R","3566","PIK3CA","5290",0.339,0,0.0834797586937273,0.0859200532502119
"506","ENSP00000483328","ENSP00000478303","9606.ENSP00000478303","9606.ENSP00000483328",976,"POLR2E","5434","POLR2J3","548644",1,1,-0.0926408402456977,0.496000457330854
"509","ENSP00000378307","ENSP00000378414","9606.ENSP00000378414","9606.ENSP00000378307",998,"SMARCD1","6602","PBRM1","55193",0.853,1,0.181982940756465,0.721044606616789
"510","ENSP00000256078","ENSP00000228837","9606.ENSP00000228837","9606.ENSP00000256078",918,"FGF6","2251","KRAS","3845",0.333,0,0.057828770821325,0.133121226017535
"513","ENSP00000363787","ENSP00000356480","9606.ENSP00000356480","9606.ENSP00000363787",988,"RNF2","6045","RING1","6015",0.803,1,-0.0524608302003854,0.604549655760114
"514","ENSP00000261708","ENSP00000320917","9606.ENSP00000320917","9606.ENSP00000261708",938,"KRI1","65095","UTP6","55813",0.71,1,0.353185666625363,0.276915162537855
"518","ENSP00000228872","ENSP00000343701","9606.ENSP00000343701","9606.ENSP00000228872",943,"KPNA1","3836","CDKN1B","1027",0.256,0,0.242722987241102,0.293925746401477
"521","ENSP00000221957","ENSP00000301765","9606.ENSP00000301765","9606.ENSP00000221957",914,"VPS37C","55048","PLIN3","10226",0.223,0,0.40281408406496,0.149511572686595
"527","ENSP00000423399","ENSP00000331849","9606.ENSP00000331849","9606.ENSP00000423399",989,"MRPL54","116541","MRPL36","64979",1,1,0.529612968537084,0.714345381045656
"532","ENSP00000371321","ENSP00000333266","9606.ENSP00000333266","9606.ENSP00000371321",902,"UBA7","7318","RFC1","5981",0.186,0,-0.137091205498846,0.0709527257128917
"540","ENSP00000383118","ENSP00000337060","9606.ENSP00000337060","9606.ENSP00000383118",928,"NME1","4830","CDC42","998",0.204,0,-0.0193885356108869,0.168863172280628
"543","ENSP00000351671","ENSP00000249075","9606.ENSP00000249075","9606.ENSP00000351671",931,"LIF","3976","CCL20","6364",0.33,0,0.438974018265736,0.24401454857407
"546","ENSP00000296255","ENSP00000426167","9606.ENSP00000426167","9606.ENSP00000296255",974,"OSTC","58505","RPN1","6184",1,1,0.27611089692252,0.551329967181122
"553","ENSP00000311344","ENSP00000005340","9606.ENSP00000005340","9606.ENSP00000311344",903,"DVL2","1856","PPP2R1B","5519",0.219,0,-0.329473554949289,0.063597661897042
"558","ENSP00000377192","ENSP00000234590","9606.ENSP00000234590","9606.ENSP00000377192",910,"ENO1","2023","G6PD","2539",0.29,0,0.556998397107043,0.147620987026528
"563","ENSP00000349467","ENSP00000353452","9606.ENSP00000353452","9606.ENSP00000349467",994,"MYLK","4638","CALM1","801",0.274,0,0.123983202884464,0.68302914683493
"568","ENSP00000347979","ENSP00000367545","9606.ENSP00000367545","9606.ENSP00000347979",909,"TP73","7161","FAS","355",0.374,0,-0.00837068767531105,0.0968817630283531
"570","ENSP00000331849","ENSP00000245539","9606.ENSP00000245539","9606.ENSP00000331849",935,"MRPS7","51081","MRPL54","116541",1,1,0.450016591506426,0.271737476646914
"572","ENSP00000481029","ENSP00000216797","9606.ENSP00000216797","9606.ENSP00000481029",917,"NFKBIA","4792","PSMC3","5702",0.263,0,0.0154880343050863,0.125534937906324
"573","ENSP00000366246","ENSP00000243077","9606.ENSP00000243077","9606.ENSP00000366246",907,"LRP1","4035","GPC6","10082",0.174,0,-0.074337773370932,0.0868741087483716
"574","ENSP00000470972","ENSP00000268802","9606.ENSP00000268802","9606.ENSP00000470972",976,"NOB1","28987","RPS19","6223",0.395,0,0.312853240897937,0.575199988741977
"575","ENSP00000332973","ENSP00000362768","9606.ENSP00000362768","9606.ENSP00000332973",995,"RBL1","5933","SMAD3","4088",0.339,0,0.259674299475168,0.712709032710269
"584","ENSP00000220849","ENSP00000260443","9606.ENSP00000260443","9606.ENSP00000220849",943,"RSL24D1","51187","EIF3E","3646",0.23,0,0.475862592525564,0.333382189251495
"607","ENSP00000359233","ENSP00000241041","9606.ENSP00000241041","9606.ENSP00000359233",980,"PEX16","9409","ABCD3","5825",0.393,0,-0.21326582649236,0.506338836800155
"609","ENSP00000316029","ENSP00000357883","9606.ENSP00000357883","9606.ENSP00000316029",939,"PIP5K1A","8394","TLN1","7094",0.319,0,0.437284694691034,0.297430237448411
"616","ENSP00000278572","ENSP00000362688","9606.ENSP00000362688","9606.ENSP00000278572",998,"EIF3I","8668","RPS3","6188",0.315,0,0.245358995893815,0.7309645877407
"629","ENSP00000475615","ENSP00000460348","9606.ENSP00000460348","9606.ENSP00000475615",998,"PRPF8","10594","CWC15","51503",0.84,1,-0.303562612634,0.638199030952086
"630","ENSP00000365473","ENSP00000441929","9606.ENSP00000441929","9606.ENSP00000365473",973,"MUC12","10071","MUC21","394263",0.265,0,0.053630975443966,0.499224628667732
"632","ENSP00000370119","ENSP00000285873","9606.ENSP00000285873","9606.ENSP00000370119",963,"GEMIN5","25929","SMN2","6607",0.682,1,0.230922171065176,0.449106106882856
"638","ENSP00000348775","ENSP00000267842","9606.ENSP00000267842","9606.ENSP00000348775",916,"SLC27A2","11001","ACOX3","8310",0.94,1,0.28142177565258,0.146062263593494
"640","ENSP00000361219","ENSP00000361180","9606.ENSP00000361180","9606.ENSP00000361219",998,"GTF3C5","9328","GTF3C4","9329",1,1,-0.0453281347122802,0.683687413990764
"645","ENSP00000340466","ENSP00000320866","9606.ENSP00000320866","9606.ENSP00000340466",992,"CALR","811","GANAB","23193",0.338,0,0.0909018912199343,0.662298764452884
"651","ENSP00000356530","ENSP00000333657","9606.ENSP00000333657","9606.ENSP00000356530",951,"MX2","4600","RNASEL","6041",0.353,0,0.104773234312363,0.329070475817306
"659","ENSP00000357858","ENSP00000261597","9606.ENSP00000261597","9606.ENSP00000357858",975,"NDC80","10403","BUB3","9184",0.607,1,0.556972850665693,0.613283611608765
"661","ENSP00000215793","ENSP00000442699","9606.ENSP00000442699","9606.ENSP00000215793",969,"HTATSF1","27336","SF3A1","10291",0.752,1,0.378384306988373,0.529012172889297
"663","ENSP00000349428","ENSP00000400591","9606.ENSP00000400591","9606.ENSP00000349428",954,"SNRPE","6635","PTBP1","5725",0.372,0,0.335359180431037,0.394430514002877
"664","ENSP00000464342","ENSP00000464813","9606.ENSP00000464813","9606.ENSP00000464342",999,"RPL27","6155","RPL36","25873",0.851,1,0.763221723261179,0.80862749525238
"669","ENSP00000272238","ENSP00000253063","9606.ENSP00000253063","9606.ENSP00000272238",905,"SESN2","83667","ATP6V1C2","245973",0.299,0,-0.0414833113698019,0.0835778161729399
"683","ENSP00000367747","ENSP00000347032","9606.ENSP00000347032","9606.ENSP00000367747",919,"PIP4K2C","79837","PLCH2","9651",0.393,0,0.226320061290598,0.153556185231164
"684","ENSP00000416683","ENSP00000216338","9606.ENSP00000216338","9606.ENSP00000416683",903,"GZMH","2999","IGFALS","3483",0.195,0,0.0425443519561341,0.0834235892112973
"687","ENSP00000420321","ENSP00000422591","9606.ENSP00000422591","9606.ENSP00000420321",999,"SLIT2","9353","ROBO1","6091",0.61,1,0.0238030309366858,0.702502161171472
"689","ENSP00000358616","ENSP00000400591","9606.ENSP00000400591","9606.ENSP00000358616",922,"SNRPE","6635","SMNDC1","10285",0.747,1,-0.133495875509483,0.131481830796383
"694","ENSP00000356430","ENSP00000386229","9606.ENSP00000386229","9606.ENSP00000356430",918,"RGS14","10636","RGS18","64407",1,1,-0.147242874446116,0.115575089233702
"702","ENSP00000300692","ENSP00000244007","9606.ENSP00000244007","9606.ENSP00000300692",927,"PLCG1","5335","CD3D","915",0.376,0,0.0416493106406937,0.170831932337076
"703","ENSP00000364801","ENSP00000261396","9606.ENSP00000261396","9606.ENSP00000364801",901,"NUP133","55746","HSPA1B","3304",0.139,0,-0.053656735784472,0.07306336914983
"704","ENSP00000385571","ENSP00000344215","9606.ENSP00000344215","9606.ENSP00000385571",904,"TP53INP1","94241","HIPK2","28996",0.351,0,-0.00719883877248614,0.0830363638741162
"705","ENSP00000258424","ENSP00000367939","9606.ENSP00000367939","9606.ENSP00000258424",999,"UQCRQ","27089","COX5B","1329",0.727,1,0.725812584799239,0.804030466317821
"713","ENSP00000377192","ENSP00000302393","9606.ENSP00000302393","9606.ENSP00000377192",912,"LDHAL6B","92483","G6PD","2539",0.217,0,-0.0910326068269901,0.100182151702421
"715","ENSP00000363642","ENSP00000263657","9606.ENSP00000263657","9606.ENSP00000363642",989,"PNO1","56902","BMS1","9790",1,1,0.311744792109303,0.678117685234641
"716","ENSP00000351605","ENSP00000304697","9606.ENSP00000304697","9606.ENSP00000351605",912,"UBB","7314","FZD6","8323",0.182,0,-0.263236007309036,0.0886108774231738
"717","ENSP00000221700","ENSP00000228740","9606.ENSP00000228740","9606.ENSP00000221700",909,"LTA4H","4048","CYP4F2","8529",0.283,0,-0.104029812317811,0.0904922116124355
"720","ENSP00000295119","ENSP00000256442","9606.ENSP00000256442","9606.ENSP00000295119",917,"CCNB1","891","NUP35","129401",0.138,0,0.213548622305448,0.143666253133361
"721","ENSP00000457513","ENSP00000339720","9606.ENSP00000339720","9606.ENSP00000457513",988,"NDUFA4","4697","COX4I1","1327",0.914,1,0.635447687506211,0.724281240310745
"725","ENSP00000346001","ENSP00000272317","9606.ENSP00000272317","9606.ENSP00000346001",998,"RPS27A","6233","RPL3","6122",0.683,1,0.60407443089475,0.782757382851817
"728","ENSP00000481878","ENSP00000383118","9606.ENSP00000383118","9606.ENSP00000481878",950,"CDC42","998","GNB1","2782",0.302,0,0.645953659064445,0.420532514640937
"731","ENSP00000385675","ENSP00000229135","9606.ENSP00000229135","9606.ENSP00000385675",943,"IFNG","3458","IL6","3569",0.607,1,0.216253437646965,0.289621491338456
"732","ENSP00000361850","ENSP00000441691","9606.ENSP00000441691","9606.ENSP00000361850",927,"ITGAM","3684","PLAU","5328",0.329,0,0.5709162846146,0.238078418879143
"733","ENSP00000417602","ENSP00000223324","9606.ENSP00000223324","9606.ENSP00000417602",999,"MRPL32","64983","MRPL47","57129",1,1,0.14223174401368,0.721605076322191
"734","ENSP00000342889","ENSP00000259895","9606.ENSP00000259895","9606.ENSP00000342889",971,"GTF2H4","2968","POLR2K","5440",0.714,1,0.115084075818292,0.494279871575409
"735","ENSP00000325655","ENSP00000361993","9606.ENSP00000361993","9606.ENSP00000325655",936,"TIMM8A","1678","CHCHD5","84269",0.06,0,0.397826229160001,0.270354294426816
"736","ENSP00000363944","ENSP00000351446","9606.ENSP00000351446","9606.ENSP00000363944",943,"WDR5","11091","LAS1L","81887",0.179,0,0.186466223793285,0.284822681159903
"737","ENSP00000354394","ENSP00000358022","9606.ENSP00000358022","9606.ENSP00000354394",949,"MCL1","4170","STAT1","6772",0.398,0,0.125490305128804,0.317728847725183
"738","ENSP00000262367","ENSP00000303424","9606.ENSP00000303424","9606.ENSP00000262367",901,"PTGDR","5729","CREBBP","1387",0.313,0,0.0869256936467421,0.0809187678814859
"745","ENSP00000314444","ENSP00000404122","9606.ENSP00000404122","9606.ENSP00000314444",913,"IFT74","80173","WDR35","57539",0.848,1,0.44614517258418,0.149515253964997
"760","ENSP00000311665","ENSP00000217958","9606.ENSP00000217958","9606.ENSP00000311665",996,"PSMD10","5716","PAAF1","80227",0.634,1,-0.0400540086705845,0.669689405968403
"762","ENSP00000275493","ENSP00000263980","9606.ENSP00000263980","9606.ENSP00000275493",981,"SLC9A1","6548","EGFR","1956",0.293,0,0.00485833158091027,0.557513372219512
"768","ENSP00000221494","ENSP00000364813","9606.ENSP00000364813","9606.ENSP00000221494",993,"LSM2","57819","SF3A2","8175",0.813,1,0.497636787453852,0.736469604749955
"771","ENSP00000215727","ENSP00000356771","9606.ENSP00000356771","9606.ENSP00000215727",937,"F5","2153","SERPIND1","3053",0.046,0,0.727844841195076,0.332022335960043
"778","ENSP00000379011","ENSP00000341044","9606.ENSP00000341044","9606.ENSP00000379011",920,"ACACB","32","CPT1B","1375",0.271,0,-0.134791045562518,0.123783545412145
"782","ENSP00000265728","ENSP00000405726","9606.ENSP00000405726","9606.ENSP00000265728",995,"CDC45","8318","DBF4","10926",0.317,0,0.65122634501203,0.77148300136019
"790","ENSP00000316054","ENSP00000378557","9606.ENSP00000378557","9606.ENSP00000316054",981,"DAAM1","23002","DVL3","1857",1,1,0.0481760623635933,0.565905418049766
"792","ENSP00000366396","ENSP00000350698","9606.ENSP00000350698","9606.ENSP00000366396",924,"DDX47","51202","XRN2","22803",0.609,1,0.237309630505062,0.178289421807522
"795","ENSP00000428085","ENSP00000346080","9606.ENSP00000346080","9606.ENSP00000428085",978,"RPL22L1","200916","RPL30","6156",1,1,0.589648439191912,0.643149208488146
"798","ENSP00000440485","ENSP00000216802","9606.ENSP00000216802","9606.ENSP00000440485",906,"PSME2","5721","PSMD9","5715",0.217,0,0.339154547979077,0.112936421017116
"799","ENSP00000337825","ENSP00000262494","9606.ENSP00000262494","9606.ENSP00000337825",914,"GNAO1","2775","LCK","3932",0.258,0,0.164690259403134,0.127213391792992
"805","ENSP00000341885","ENSP00000256383","9606.ENSP00000256383","9606.ENSP00000341885",988,"EIF2S1","1965","RPS2","6187",0.341,0,-0.063076285748019,0.602550812198195
"808","ENSP00000276689","ENSP00000327268","9606.ENSP00000327268","9606.ENSP00000276689",999,"NDUFV2","4729","NDUFB9","4715",0.639,1,0.427138969697643,0.764343309204721
"810","ENSP00000352069","ENSP00000467579","9606.ENSP00000467579","9606.ENSP00000352069",910,"WBP2","23558","WWP2","11060",0.296,0,0.112511918617502,0.108789531536388
"811","ENSP00000261015","ENSP00000480832","9606.ENSP00000480832","9606.ENSP00000261015",951,"NOP16","51491","WDR12","55759",1,1,0.320322846476122,0.367543803819148
"812","ENSP00000464813","ENSP00000435777","9606.ENSP00000435777","9606.ENSP00000464813",999,"RPS13","6207","RPL27","6155",0.741,1,0.762251650339105,0.808509334286383
"818","ENSP00000445122","ENSP00000451406","9606.ENSP00000451406","9606.ENSP00000445122",957,"HSD17B6","8630","HSD3B2","3284",0.694,1,0.325897530576065,0.417276790711739
"820","ENSP00000311083","ENSP00000384849","9606.ENSP00000384849","9606.ENSP00000311083",919,"CDKN1A","1026","CKS1B","1163",0.803,1,-0.143644160548753,0.119400936784028
"823","ENSP00000319814","ENSP00000477707","9606.ENSP00000477707","9606.ENSP00000319814",943,"NR1H3","10062","PCK1","5105",0.319,0,0.172994707184339,0.282668161454047
"829","ENSP00000315017","ENSP00000253099","9606.ENSP00000253099","9606.ENSP00000315017",999,"MRPL4","51073","MRPL1","65008",1,1,0.245996274047808,0.737708703449728
"830","ENSP00000411821","ENSP00000389009","9606.ENSP00000389009","9606.ENSP00000411821",905,"CARNS1","57571","ALDH3A1","218",0.269,0,-0.0721579037896034,0.0817474410601822
"832","ENSP00000219070","ENSP00000428340","9606.ENSP00000428340","9606.ENSP00000219070",952,"ANGPT1","284","MMP2","4313",0.272,0,0.424118847903855,0.394838669187082
"833","ENSP00000285873","ENSP00000264883","9606.ENSP00000264883","9606.ENSP00000285873",904,"NUP54","53371","GEMIN5","25929",0.184,0,0.355113157108856,0.107486832901565
"834","ENSP00000353362","ENSP00000300105","9606.ENSP00000300105","9606.ENSP00000353362",901,"CACNG2","10369","CACNA1A","773",0.274,0,0.0778423048066115,0.0803887512685133
"835","ENSP00000463013","ENSP00000310129","9606.ENSP00000310129","9606.ENSP00000463013",902,"PSMD2","5708","OAZ2","4947",0.393,0,-0.0569652956400578,0.0752232596970397
"838","ENSP00000346027","ENSP00000435777","9606.ENSP00000435777","9606.ENSP00000346027",999,"RPS13","6207","RPL21","6144",0.714,1,0.537395955213137,0.779611903178977
"845","ENSP00000355645","ENSP00000340944","9606.ENSP00000340944","9606.ENSP00000355645",903,"PTPN11","5781","ACTA1","58",0.239,0,-0.103847327953539,0.0750270919740313
"851","ENSP00000296102","ENSP00000484903","9606.ENSP00000484903","9606.ENSP00000296102",960,"MRPL45","84311","MRPL33","9553",1,1,0.468079799790326,0.470069647276394
"852","ENSP00000262039","ENSP00000254101","9606.ENSP00000254101","9606.ENSP00000262039",923,"PRKAB2","5565","PIK3C3","5289",0.291,0,0.0453908801700922,0.152764961654478
"855","ENSP00000254719","ENSP00000480186","9606.ENSP00000480186","9606.ENSP00000254719",981,"POLD2","5425","RPA1","6117",0.619,1,-0.0376584952137483,0.549244400660144
"857","ENSP00000263967","ENSP00000263341","9606.ENSP00000263341","9606.ENSP00000263967",919,"IL1B","3553","PIK3CA","5290",0.353,0,0.241794439470562,0.155145641644569
"864","ENSP00000403077","ENSP00000299300","9606.ENSP00000299300","9606.ENSP00000403077",940,"CCT2","10576","VKORC1L1","154807",0.12,0,-0.0704127743067008,0.22705414767532
"868","ENSP00000477437","ENSP00000334448","9606.ENSP00000334448","9606.ENSP00000477437",918,"GNG2","54331","KCNJ6","3763",0.14,0,0.0451833059676175,0.131977048175131
"880","ENSP00000293303","ENSP00000264414","9606.ENSP00000264414","9606.ENSP00000293303",992,"CUL3","8452","KLHL10","317719",1,1,-0.0259278251499944,0.641439551662622
"881","ENSP00000359910","ENSP00000360493","9606.ENSP00000360493","9606.ENSP00000359910",907,"RUNX2","860","PSMA7","5688",0.135,0,-0.18454226714065,0.0802365350453027
"885","ENSP00000366246","ENSP00000359581","9606.ENSP00000359581","9606.ENSP00000366246",947,"HS2ST1","9653","GPC6","10082",0.062,0,0.0907019371983179,0.297392687218881
"887","ENSP00000423602","ENSP00000482457","9606.ENSP00000482457","9606.ENSP00000423602",953,"PLCG2","5336","DAPP1","27071",0.348,0,0.0938997171876704,0.342356758268837
"893","ENSP00000264039","ENSP00000303634","9606.ENSP00000303634","9606.ENSP00000264039",906,"LRP8","7804","GPC1","2817",0.332,0,0.20818664622643,0.103015883243038
"899","ENSP00000361021","ENSP00000219789","9606.ENSP00000219789","9606.ENSP00000361021",913,"CDIPT","10423","PTEN","5728",1,1,-0.140807394660838,0.0997233696700552
"900","ENSP00000361540","ENSP00000360540","9606.ENSP00000360540","9606.ENSP00000361540",953,"CEP55","55165","CDC20","991",0.164,0,0.880289590090519,0.491508086194868
"901","ENSP00000355645","ENSP00000353864","9606.ENSP00000353864","9606.ENSP00000355645",919,"PAK3","5063","ACTA1","58",0.185,0,0.0190652364922618,0.1335332140299
"906","ENSP00000258418","ENSP00000348278","9606.ENSP00000348278","9606.ENSP00000258418",964,"STK39","27347","CAB39","51719",0.715,1,0.132396845368224,0.438378286169192
"908","ENSP00000355689","ENSP00000286648","9606.ENSP00000286648","9606.ENSP00000355689",926,"DCK","1633","GUK1","2987",0.608,1,-0.391944953923333,0.124006648007998
"910","ENSP00000264995","ENSP00000253099","9606.ENSP00000253099","9606.ENSP00000264995",999,"MRPL4","51073","MRPL3","11222",1,1,-0.164616272711378,0.670614934254921
"912","ENSP00000241453","ENSP00000228872","9606.ENSP00000228872","9606.ENSP00000241453",929,"CDKN1B","1027","FLT3","2322",0.357,0,0.131512005622794,0.191408058428701
"915","ENSP00000355896","ENSP00000364133","9606.ENSP00000364133","9606.ENSP00000355896",996,"TGFBR1","7046","TGFB2","7042",0.68,1,0.242032075665594,0.716824513311649
"917","ENSP00000297107","ENSP00000381008","9606.ENSP00000381008","9606.ENSP00000297107",941,"MUC16","94025","GALNT10","55568",0.135,0,0.167099835414626,0.268147170660896
"925","ENSP00000264538","ENSP00000390436","9606.ENSP00000390436","9606.ENSP00000264538",926,"GLI2","2736","IFT57","55081",0.102,0,0.417243893810626,0.211110650247698
"935","ENSP00000351777","ENSP00000478877","9606.ENSP00000478877","9606.ENSP00000351777",933,"ADRM1","11047","VCP","7415",0.287,0,0.284817160725098,0.234339819160543
"941","ENSP00000395772","ENSP00000221801","9606.ENSP00000221801","9606.ENSP00000395772",977,"FBL","2091","GNL3","26354",0.222,0,0.321490763199092,0.585153661673388
"943","ENSP00000339795","ENSP00000310572","9606.ENSP00000310572","9606.ENSP00000339795",909,"PSMC5","5705","RPL7","6129",0.275,0,0.194862314008101,0.111805413775954
"951","ENSP00000272317","ENSP00000329967","9606.ENSP00000329967","9606.ENSP00000272317",951,"TBK1","29110","RPS27A","6233",0.186,0,-0.51740321172032,0.231118717896356
"952","ENSP00000326806","ENSP00000463058","9606.ENSP00000463058","9606.ENSP00000326806",997,"RBM8A","9939","NCBP2","22916",0.705,1,0.314408541249517,0.734931638247715
"962","ENSP00000267935","ENSP00000370984","9606.ENSP00000370984","9606.ENSP00000267935",970,"COMMD8","54951","COMMD4","54939",1,1,-0.0615206259095198,0.451174116830562
"963","ENSP00000345393","ENSP00000327431","9606.ENSP00000327431","9606.ENSP00000345393",903,"HBG1","3047","MAFF","23764",0.086,0,0.105201975948445,0.0872721149284693
"966","ENSP00000302728","ENSP00000266031","9606.ENSP00000266031","9606.ENSP00000302728",933,"HYAL1","3373","GUSB","2990",1,1,0.281777346605261,0.233910883294255
"969","ENSP00000425561","ENSP00000456405","9606.ENSP00000456405","9606.ENSP00000425561",973,"MLST8","64223","EIF4E","1977",0.198,0,-0.148209461319002,0.459604001238104
"971","ENSP00000415430","ENSP00000361298","9606.ENSP00000361298","9606.ENSP00000415430",924,"KIF2C","11004","GTSE1","51512",0.687,1,0.904717790682534,0.26839662874024
"972","ENSP00000359098","ENSP00000309565","9606.ENSP00000309565","9606.ENSP00000359098",953,"UQCRH","7388","COX7A2","1347",0.711,1,0.6220481922923,0.440978868327513
"974","ENSP00000249071","ENSP00000367851","9606.ENSP00000367851","9606.ENSP00000249071",998,"CYBB","1536","RAC2","5880",0.288,0,0.805656710937022,0.808522828431215
"975","ENSP00000371532","ENSP00000477707","9606.ENSP00000477707","9606.ENSP00000371532",923,"NR1H3","10062","VLDLR","7436",0.26,0,-0.373036987481331,0.114827303622128
"977","ENSP00000317376","ENSP00000368793","9606.ENSP00000368793","9606.ENSP00000317376",906,"MTRF1","9617","MRPS11","64963",0.835,1,-0.147792735180201,0.0798572698196129
"979","ENSP00000335153","ENSP00000225577","9606.ENSP00000225577","9606.ENSP00000335153",976,"RPS6KB1","6198","HSP90AA1","3320",0.284,0,-0.00461385179944053,0.513315119896808
"980","ENSP00000364805","ENSP00000444029","9606.ENSP00000444029","9606.ENSP00000364805",914,"NUP153","9972","HSPA1L","3305",0.214,0,0.331203805353241,0.142486496029642
"992","ENSP00000482657","ENSP00000261479","9606.ENSP00000261479","9606.ENSP00000482657",902,"PSMA6","5687","MAP3K14","9020",0.166,0,0.0828816249867389,0.0832458303950019
"994","ENSP00000361658","ENSP00000285873","9606.ENSP00000285873","9606.ENSP00000361658",905,"GEMIN5","25929","NUP188","23511",0.064,0,0.394547168256229,0.11389373237384
"996","ENSP00000308179","ENSP00000225298","9606.ENSP00000225298","9606.ENSP00000308179",999,"UTP18","51096","WDR3","10885",1,1,0.167155443578034,0.725528049116632
"998","ENSP00000362924","ENSP00000363822","9606.ENSP00000363822","9606.ENSP00000362924",912,"AR","367","GSN","2934",0.275,0,-0.0814939949686455,0.100860843692182
"1001","ENSP00000425133","ENSP00000309572","9606.ENSP00000309572","9606.ENSP00000425133",944,"TERT","7015","SMG7","9887",0.221,0,0.0915433737406653,0.276619579833745
"1008","ENSP00000261254","ENSP00000262367","9606.ENSP00000262367","9606.ENSP00000261254",921,"CREBBP","1387","CCND2","894",0.229,0,0.0842097571194429,0.14796279787885
"1009","ENSP00000447001","ENSP00000309830","9606.ENSP00000309830","9606.ENSP00000447001",999,"RPL38","6169","RPL18","6141",0.809,1,0.822373653006385,0.815727590514623
"1012","ENSP00000312995","ENSP00000265056","9606.ENSP00000265056","9606.ENSP00000312995",947,"MCM2","4171","CLSPN","63967",0.214,0,0.805300592631741,0.426192842708688
"1018","ENSP00000462468","ENSP00000275493","9606.ENSP00000275493","9606.ENSP00000462468",976,"EGFR","1956","YES1","7525",0.381,0,0.422743302982223,0.596180556541084
"1019","ENSP00000299300","ENSP00000353048","9606.ENSP00000353048","9606.ENSP00000299300",975,"CCT8L2","150160","CCT2","10576",1,1,0.0410656236699468,0.513784020238093
"1031","ENSP00000355051","ENSP00000359531","9606.ENSP00000359531","9606.ENSP00000355051",965,"GTF2B","2959","TAF13","6884",0.734,1,0.165006796793598,0.453134340091042
"1032","ENSP00000384273","ENSP00000401802","9606.ENSP00000401802","9606.ENSP00000384273",912,"PSMC6","5706","RELA","5970",0.224,0,0.00487664550088137,0.10719411022249
"1033","ENSP00000407586","ENSP00000330382","9606.ENSP00000330382","9606.ENSP00000407586",955,"PDGFB","5155","HRAS","3265",0.618,1,-0.091842532480668,0.325011122714411
"1035","ENSP00000302886","ENSP00000262584","9606.ENSP00000262584","9606.ENSP00000302886",979,"RPL8","6132","PA2G4","5036",0.226,0,0.591726883523196,0.651301369152655
"1037","ENSP00000467141","ENSP00000443495","9606.ENSP00000443495","9606.ENSP00000467141",999,"ACTN2","88","TTN","7273",0.348,0,0.0446591066460663,0.705920795490279
"1042","ENSP00000327694","ENSP00000358582","9606.ENSP00000358582","9606.ENSP00000327694",980,"AP4B1","10717","AP2A2","161",0.649,1,-0.0598244248017508,0.536461470771879
"1046","ENSP00000261037","ENSP00000401749","9606.ENSP00000401749","9606.ENSP00000261037",913,"P4HA3","283208","COL8A1","1295",0.794,1,0.492322007015549,0.154195123796437
"1052","ENSP00000248248","ENSP00000394071","9606.ENSP00000394071","9606.ENSP00000248248",928,"GDI1","2664","MON1B","22879",0.055,0,-0.0306865805037713,0.167619028746299
"1055","ENSP00000357879","ENSP00000391211","9606.ENSP00000391211","9606.ENSP00000357879",999,"PSMC2","5701","PSMD4","5710",1,1,0.365534383652951,0.755499570335707
"1059","ENSP00000263253","ENSP00000262367","9606.ENSP00000262367","9606.ENSP00000263253",996,"CREBBP","1387","EP300","2033",0.689,1,0.67556316124967,0.780729974602564
"1067","ENSP00000264279","ENSP00000472469","9606.ENSP00000472469","9606.ENSP00000264279",983,"RPS28","6234","NOP58","51602",0.682,1,0.0440458098515444,0.581772501590561
"1073","ENSP00000262188","ENSP00000341805","9606.ENSP00000341805","9606.ENSP00000262188",956,"PHF10","55274","SMARCD3","6604",0.891,1,0.0408556202074562,0.356097660236392
"1074","ENSP00000333837","ENSP00000380466","9606.ENSP00000380466","9606.ENSP00000333837",944,"MRPL23","6150","MRPL12","6182",0.813,1,0.591322556571437,0.361698921238081
"1077","ENSP00000443194","ENSP00000368727","9606.ENSP00000368727","9606.ENSP00000443194",908,"XDH","7498","NAT1","9",0.279,0,0.439282575147276,0.128514482057518
"1084","ENSP00000358931","ENSP00000339933","9606.ENSP00000339933","9606.ENSP00000358931",910,"PKLR","5313","TKTL1","8277",0.21,0,-0.0695420411540938,0.0956578268189599
"1085","ENSP00000252603","ENSP00000321259","9606.ENSP00000321259","9606.ENSP00000252603",937,"TALDO1","6888","PGLS","25796",0.928,1,0.35758327237504,0.270828225302362
"1086","ENSP00000358414","ENSP00000349078","9606.ENSP00000349078","9606.ENSP00000358414",964,"FDPS","2224","HMGCS2","3158",0.913,1,0.153590788393043,0.442488652001458
"1089","ENSP00000288774","ENSP00000391601","9606.ENSP00000391601","9606.ENSP00000288774",996,"PEX5","5830","PEX10","5192",0.683,1,0.169829306911535,0.705150316755603
"1090","ENSP00000326531","ENSP00000420306","9606.ENSP00000420306","9606.ENSP00000326531",999,"THOC5","8563","THOC6","79228",0.622,1,0.328280447729908,0.75004376048194
"1091","ENSP00000358327","ENSP00000311032","9606.ENSP00000311032","9606.ENSP00000358327",929,"CASP3","836","CASP7","840",0.624,1,0.233806768674806,0.204177346670128
"1092","ENSP00000370542","ENSP00000255409","9606.ENSP00000255409","9606.ENSP00000370542",961,"CHI3L1","1116","SDC1","6382",0.121,0,0.0588284684339372,0.399427906243968
"1093","ENSP00000351273","ENSP00000357320","9606.ENSP00000357320","9606.ENSP00000351273",917,"DAP3","7818","CASP8","841",0.355,0,0.0497551229582122,0.128525168726971
"1099","ENSP00000372088","ENSP00000348056","9606.ENSP00000348056","9606.ENSP00000372088",985,"UBE2I","7329","RAD51","5888",0.239,0,0.54466345173724,0.688292264126571
"1100","ENSP00000356430","ENSP00000297313","9606.ENSP00000297313","9606.ENSP00000356430",909,"RGS20","8601","RGS18","64407",1,1,-0.0129491203404182,0.0965669795089752
"1101","ENSP00000255764","ENSP00000377686","9606.ENSP00000377686","9606.ENSP00000255764",992,"MED24","9862","MED10","84246",0.975,1,0.132338748442816,0.669552840109198
"1102","ENSP00000478070","ENSP00000392094","9606.ENSP00000392094","9606.ENSP00000478070",987,"EFTUD2","9343","CWC25","54883",1,1,0.149822918368526,0.634036534066933
"1104","ENSP00000282892","ENSP00000481920","9606.ENSP00000481920","9606.ENSP00000282892",999,"MED6","10001","MED21","9412",1,1,0.0417481753997753,0.70544502637076
"1105","ENSP00000377640","ENSP00000369965","9606.ENSP00000369965","9606.ENSP00000377640",982,"BTF3","689","RPL24","6152",0.048,0,0.636923365357174,0.68190508664082
"1106","ENSP00000252622","ENSP00000260210","9606.ENSP00000260210","9606.ENSP00000252622",970,"BUD13","84811","LSM7","51690",1,1,0.206333818096627,0.503714017068703
"1108","ENSP00000220003","ENSP00000263967","9606.ENSP00000263967","9606.ENSP00000220003",916,"PIK3CA","5290","CSK","1445",0.313,0,-0.197660105387146,0.105002951198461
"1111","ENSP00000307684","ENSP00000359295","9606.ENSP00000359295","9606.ENSP00000307684",969,"DR1","1810","TADA3","10474",0.85,1,-0.229473824966149,0.41043531037646
"1119","ENSP00000321239","ENSP00000363822","9606.ENSP00000363822","9606.ENSP00000321239",916,"AR","367","RCHY1","25898",0.224,0,0.307341387313438,0.148624761515773
"1120","ENSP00000263826","ENSP00000219476","9606.ENSP00000219476","9606.ENSP00000263826",983,"TSC2","7249","AKT3","10000",0.391,0,-0.0575262869487902,0.562206830277947
"1123","ENSP00000352584","ENSP00000250018","9606.ENSP00000250018","9606.ENSP00000352584",902,"TPH1","7166","AKR1B10","57016",0.166,0,-0.0352855151798911,0.0764187095900837
"1124","ENSP00000361021","ENSP00000386541","9606.ENSP00000386541","9606.ENSP00000361021",907,"PSMD14","10213","PTEN","5728",0.152,0,-0.217979090920315,0.0783160217109071
"1130","ENSP00000362768","ENSP00000221138","9606.ENSP00000221138","9606.ENSP00000362768",919,"PPP2CB","5516","RBL1","5933",0.333,0,0.0285835489771602,0.134402238873843
"1132","ENSP00000363322","ENSP00000421842","9606.ENSP00000421842","9606.ENSP00000363322",999,"ANAPC13","25847","CDC26","246184",1,1,0.240244986862238,0.73683202591467
"1133","ENSP00000481646","ENSP00000364119","9606.ENSP00000364119","9606.ENSP00000481646",967,"EIF2S2","8894","RPS10","6204",0.886,1,0.545454174099575,0.544758066722721
"1135","ENSP00000302177","ENSP00000371586","9606.ENSP00000371586","9606.ENSP00000302177",963,"PISD","23761","MBOAT2","129642",0.331,0,0.305558345422338,0.4636768104098
"1139","ENSP00000278572","ENSP00000311430","9606.ENSP00000311430","9606.ENSP00000278572",999,"RPL4","6124","RPS3","6188",0.278,0,0.805854548622144,0.813765535157745
"1150","ENSP00000428924","ENSP00000443256","9606.ENSP00000443256","9606.ENSP00000428924",901,"LPAR2","9170","LYN","4067",0.332,0,0.178965131498065,0.0864715076421461
"1154","ENSP00000258383","ENSP00000279242","9606.ENSP00000279242","9606.ENSP00000258383",997,"MRPL49","740","MRPL44","65080",1,1,0.223531021348992,0.720768124605112
"1155","ENSP00000238682","ENSP00000377027","9606.ENSP00000377027","9606.ENSP00000238682",908,"TGFBRAP1","9392","TGFB3","7043",0.317,0,0.221939121381628,0.110544336124333
"1156","ENSP00000324343","ENSP00000231420","9606.ENSP00000231420","9606.ENSP00000324343",930,"AGXT2","64902","UPB1","51733",0.296,0,0.585004191913887,0.259235134785465
"1160","ENSP00000258428","ENSP00000388107","9606.ENSP00000388107","9606.ENSP00000258428",916,"UBA52","7311","REV1","51455",0.358,0,-0.478211881407753,0.0859901812328588
"1164","ENSP00000262367","ENSP00000250003","9606.ENSP00000250003","9606.ENSP00000262367",994,"MYOD1","4654","CREBBP","1387",0.39,0,-0.0154617444166896,0.658809510055902
"1173","ENSP00000257818","ENSP00000256897","9606.ENSP00000256897","9606.ENSP00000257818",905,"CCNH","902","LMO2","4005",0.839,1,0.0616876276410461,0.0900102218967137
"1175","ENSP00000272348","ENSP00000266079","9606.ENSP00000266079","9606.ENSP00000272348",999,"PRPF6","24148","SNRPG","6637",0.82,1,0.516764955766527,0.776809745463654
"1180","ENSP00000360882","ENSP00000223061","9606.ENSP00000223061","9606.ENSP00000360882",981,"PCOLCE","5118","COL5A1","1289",0.26,0,0.248241330254394,0.604105965298081
"1190","ENSP00000369154","ENSP00000263640","9606.ENSP00000263640","9606.ENSP00000369154",982,"ACVR1","90","SMAD9","4093",0.62,1,0.359339092012968,0.632765589871141
"1192","ENSP00000346300","ENSP00000312185","9606.ENSP00000312185","9606.ENSP00000346300",922,"ELMO1","9844","CRKL","1399",0.386,0,0.13809519184779,0.157865663836213
"1199","ENSP00000361162","ENSP00000355929","9606.ENSP00000355929","9606.ENSP00000361162",909,"ANGEL2","90806","TOE1","114034",0.177,0,-0.191443983309303,0.0849878442335701
"1200","ENSP00000368459","ENSP00000264279","9606.ENSP00000264279","9606.ENSP00000368459",965,"NOP58","51602","NUFIP1","26747",0.381,0,0.273907482325303,0.474443118314873
"1201","ENSP00000229328","ENSP00000320886","9606.ENSP00000320886","9606.ENSP00000229328",919,"MLXIPL","51085","PRKAB1","5564",0.227,0,0.0262259320150457,0.134186543631294
"1208","ENSP00000420294","ENSP00000263360","9606.ENSP00000263360","9606.ENSP00000420294",940,"EED","8726","PHC3","80012",1,1,0.13345609439063,0.256433512870124
"1213","ENSP00000262160","ENSP00000428982","9606.ENSP00000428982","9606.ENSP00000262160",913,"CCNC","892","SMAD2","4087",0.317,0,-0.101829236127165,0.102511186591218
"1217","ENSP00000363999","ENSP00000323065","9606.ENSP00000323065","9606.ENSP00000363999",981,"GADD45GIP1","90480","MRPL50","54534",1,1,0.075599014416867,0.571198975745211
"1219","ENSP00000404658","ENSP00000356480","9606.ENSP00000356480","9606.ENSP00000404658",971,"RNF2","6045","EZH1","2145",0.7,1,0.0489895713597318,0.481285336167654
"1224","ENSP00000360266","ENSP00000295666","9606.ENSP00000295666","9606.ENSP00000360266",936,"IGFBP7","3490","JUN","3725",0.276,0,0.125847314765568,0.230257867653167
"1226","ENSP00000355747","ENSP00000294785","9606.ENSP00000294785","9606.ENSP00000355747",999,"NCSTN","23385","PSEN2","5664",0.728,1,0.256774419301244,0.739346555928206
"1227","ENSP00000327290","ENSP00000200181","9606.ENSP00000200181","9606.ENSP00000327290",926,"ITGB4","3691","ITGA11","22801",0.741,1,0.416143481873291,0.210966467876198
"1231","ENSP00000441543","ENSP00000338413","9606.ENSP00000338413","9606.ENSP00000441543",999,"UBA1","7317","UBC","7316",0.792,1,0.108814282822936,0.716291501777309
"1238","ENSP00000423399","ENSP00000323065","9606.ENSP00000323065","9606.ENSP00000423399",976,"GADD45GIP1","90480","MRPL36","64979",1,1,0.598177485087933,0.628930445578848
"1240","ENSP00000242067","ENSP00000317469","9606.ENSP00000317469","9606.ENSP00000242067",999,"BBS1","582","BBS9","27241",0.675,1,0.391330505726292,0.759229889854625
"1243","ENSP00000394394","ENSP00000426654","9606.ENSP00000426654","9606.ENSP00000394394",999,"ANAPC4","29945","ANAPC7","51434",0.835,1,0.47496673041699,0.771055082855431
"1244","ENSP00000283875","ENSP00000221859","9606.ENSP00000221859","9606.ENSP00000283875",991,"POLR2I","5438","GTF2E1","2960",0.863,1,-0.310753834978188,0.580154601220756
"1249","ENSP00000351015","ENSP00000310572","9606.ENSP00000310572","9606.ENSP00000351015",909,"PSMC5","5705","NF1","4763",0.137,0,-0.415480720843582,0.0722431856648531
"1251","ENSP00000368686","ENSP00000378402","9606.ENSP00000378402","9606.ENSP00000368686",978,"SIN3A","25942","E2F4","1874",0.283,0,0.007402145298164,0.532670525714325
"1261","ENSP00000323811","ENSP00000238651","9606.ENSP00000238651","9606.ENSP00000323811",927,"ACOT2","10965","HACL1","26061",0.694,1,0.421481095158719,0.217407368607711
"1263","ENSP00000378105","ENSP00000359380","9606.ENSP00000359380","9606.ENSP00000378105",965,"SCD","6319","ELOVL6","79071",0.661,1,0.455684464611854,0.510181122107526
"1264","ENSP00000381412","ENSP00000354896","9606.ENSP00000354896","9606.ENSP00000381412",923,"GRM1","2911","CAMK2A","815",0.299,0,-0.00376328583710208,0.147825501575183
"1267","ENSP00000268712","ENSP00000342235","9606.ENSP00000342235","9606.ENSP00000268712",984,"ERBB4","2066","NCOR1","9611",0.229,0,0.189948313106674,0.617497463483416
"1270","ENSP00000216277","ENSP00000216727","9606.ENSP00000216727","9606.ENSP00000216277",943,"PABPN1","8106","PAPOLA","10914",0.23,0,-0.126200888656587,0.237449705050088
"1273","ENSP00000281950","ENSP00000400591","9606.ENSP00000400591","9606.ENSP00000281950",987,"SNRPE","6635","GEMIN6","79833",0.884,1,0.573506611424036,0.707440389370755
"1274","ENSP00000314067","ENSP00000388325","9606.ENSP00000388325","9606.ENSP00000314067",902,"LAMB2","3913","PAK2","5062",0.28,0,-0.28764401233808,0.0635290514594939
"1280","ENSP00000341940","ENSP00000217381","9606.ENSP00000217381","9606.ENSP00000341940",969,"SNTA1","6640","CAV3","859",0.376,0,-0.0564430324009708,0.44373876742606
"1286","ENSP00000317468","ENSP00000267202","9606.ENSP00000267202","9606.ENSP00000317468",972,"VPS37B","79720","CHMP6","79643",0.604,1,-0.0406080932037146,0.472195858444136
"1294","ENSP00000361540","ENSP00000363524","9606.ENSP00000363524","9606.ENSP00000361540",970,"KIF4A","24137","CDC20","991",0.239,0,0.920791238251828,0.640397184139784
"1297","ENSP00000259873","ENSP00000295491","9606.ENSP00000295491","9606.ENSP00000259873",988,"MRPS18C","51023","MRPS18B","28973",1,1,0.40048414853671,0.68587344763257
"1317","ENSP00000313007","ENSP00000427695","9606.ENSP00000427695","9606.ENSP00000313007",972,"TOB1","10140","PABPC1","26986",0.716,1,-0.232759518730248,0.434738869957854
"1325","ENSP00000248572","ENSP00000355627","9606.ENSP00000355627","9606.ENSP00000248572",905,"AGT","183","GNGT1","2792",0.319,0,0.00256063985901601,0.0862710989712236
"1326","ENSP00000258772","ENSP00000221801","9606.ENSP00000221801","9606.ENSP00000258772",961,"FBL","2091","DDX56","54606",0.088,0,0.545439864733543,0.493770951955581
"1329","ENSP00000246914","ENSP00000379822","9606.ENSP00000379822","9606.ENSP00000246914",902,"SLC12A1","6557","WNK4","65266",0.351,0,-0.217980753454505,0.0668695885600791
"1334","ENSP00000255764","ENSP00000251871","9606.ENSP00000251871","9606.ENSP00000255764",996,"MED17","9440","MED10","84246",0.925,1,0.0904219786245482,0.691993750065202
"1339","ENSP00000300413","ENSP00000156471","9606.ENSP00000156471","9606.ENSP00000300413",993,"AQR","9716","SNRPD1","6632",1,1,-0.382069036664556,0.583079323917391
"1342","ENSP00000400467","ENSP00000346015","9606.ENSP00000346015","9606.ENSP00000400467",999,"RPL27A","6157","RPL9","6133",1,1,0.255701942778975,0.739183878866102
"1353","ENSP00000215071","ENSP00000157812","9606.ENSP00000157812","9606.ENSP00000215071",999,"PSMC4","5704","PSMD8","5714",1,1,0.707086271614919,0.801698110023303
"1357","ENSP00000242285","ENSP00000225567","9606.ENSP00000225567","9606.ENSP00000242285",902,"GOSR2","9570","CLTA","1211",0.357,0,0.0604124501977758,0.0819063326030652
"1360","ENSP00000343190","ENSP00000239231","9606.ENSP00000239231","9606.ENSP00000343190",965,"PANK3","79646","PPCDC","60490",1,1,-0.381959473433796,0.350135906625746
"1362","ENSP00000287490","ENSP00000425759","9606.ENSP00000425759","9606.ENSP00000287490",971,"COX7C","1350","COX6A2","1339",0.945,1,0.0590095181601253,0.483254118512482
"1364","ENSP00000267430","ENSP00000355185","9606.ENSP00000355185","9606.ENSP00000267430",904,"DCLRE1A","9937","FANCM","57697",0.624,1,0.380181103704164,0.109394003803371
"1369","ENSP00000384906","ENSP00000226574","9606.ENSP00000226574","9606.ENSP00000384906",912,"NFKB1","4790","SAA1","6288",0.306,0,0.039778360286204,0.10985114542262
"1375","ENSP00000290208","ENSP00000377486","9606.ENSP00000377486","9606.ENSP00000290208",983,"MRPL19","9801","MRPL10","124995",1,1,-0.202751625174152,0.533907927530287
"1376","ENSP00000260731","ENSP00000300738","9606.ENSP00000300738","9606.ENSP00000260731",941,"RRM1","6240","KIF11","3832",0.214,0,0.654410189385419,0.349653755097885
